1,ARARANGUA,SC,DIE S10,NAC,"5,098",METRO
2,ARARANGUA,SC,DIE S10,NAC,"5,099",METRO
3,ARARANGUA,SC,DIE S10,OUTR,"5,099",METRO
4,ARARANGUA,SC,DIE S10,OUTR,"5,149",METRO
5,ARARANGUA,SC,DIE S10,OUTR,"5,149",METRO
6,ARARANGUA,SC,DIE S10,OUTR,"5,149",METRO
7,ARARANGUA,SC,DIE S10,OUTR,"5,159",METRO
8,ARARANGUA,SC,DIE S10,OUTR,"5,198",METRO
9,ARARANGUA,SC,DIE S10,NAC,"5,199",METRO
10,ARARANGUA,SC,DIE S10,NAC,"5,199",METRO
11,BALNEARIO CAMBORIU,SC,DIE S10,NAC,"5,299",METRO
12,BALNEARIO CAMBORIU,SC,DIE S10,NAC,"5,349",METRO
13,BALNEARIO CAMBORIU,SC,DIE S10,OUTR,"5,349",METRO
14,BALNEARIO CAMBORIU,SC,DIE S10,NAC,"5,399",METRO
15,BALNEARIO CAMBORIU,SC,DIE S10,OUTR,"5,499",METRO
16,BALNEARIO CAMBORIU,SC,DIE S10,NAC,"5,699",METRO
17,BIGUACU,SC,DIE S10,OUTR,"5,199",METRO
18,BIGUACU,SC,DIE S10,OUTR,"5,248",METRO
19,BIGUACU,SC,DIE S10,OUTR,"5,249",METRO
20,BIGUACU,SC,DIE S10,NAC,"5,299",METRO
21,BIGUACU,SC,DIE S10,OUTR,"5,389",METRO
22,BIGUACU,SC,DIE S10,OUTR,"5,449",METRO
23,BIGUACU,SC,DIE S10,OUTR,"5,479",METRO
24,BIGUACU,SC,DIE S10,OUTR,"5,499",METRO
25,BIGUACU,SC,DIE S10,OUTR,"5,629",METRO
26, BLUMENAU,SC,DIE S10,NAC,"5,099",METRO
27, BLUMENAU,SC,DIE S10,OUTR,"5,197",METRO
28, BLUMENAU,SC,DIE S10,OUTR,"5,197",METRO
29, BLUMENAU,SC,DIE S10,OUTR,"5,199",METRO
30, BLUMENAU,SC,DIE S10,OUTR,"5,309",METRO
31, BLUMENAU,SC,DIE S10,OUTR,"5,358",METRO
32,BRUSQUE,SC,DIE S10,NAC,"5,260",METRO
33,BRUSQUE,SC,DIE S10,OUTR,"5,265",METRO
34,BRUSQUE,SC,DIE S10,OUTR,"5,269",METRO
35,BRUSQUE,SC,DIE S10,OUTR,"5,269",METRO
36,BRUSQUE,SC,DIE S10,OUTR,"5,298",METRO
37,BRUSQUE,SC,DIE S10,OUTR,"5,349",METRO
38,BRUSQUE,SC,DIE S10,NAC,"5,367",METRO
39,BRUSQUE,SC,DIE S10,OUTR,"5,397",METRO
40,BRUSQUE,SC,DIE S10,OUTR,"5,449",METRO
41,CACADOR,SC,DIE S10,OUTR,"4,999",METRO
42,CACADOR,SC,DIE S10,OUTR,"5,199",METRO
43,CACADOR,SC,DIE S10,OUTR,"5,299",METRO
44,CACADOR,SC,DIE S10,OUTR,"5,425",METRO
45,CACADOR,SC,DIE S10,NAC,"5,448",METRO
46,CACADOR,SC,DIE S10,OUTR,"5,665",METRO
47,CHAPECO,SC,DIE S10,OUTR,"5,199",METRO
48,CHAPECO,SC,DIE S10,OUTR,"5,199",METRO
49,CHAPECO,SC,DIE S10,OUTR,"5,359",METRO
50,CHAPECO,SC,DIE S10,OUTR,"5,389",METRO
51,CHAPECO,SC,DIE S10,OUTR,"5,399",METRO
52,CHAPECO,SC,DIE S10,OUTR,"5,399",METRO
53,CONCORDIA,SC,DIE S10,OUTR,"5,249",METRO
54,CONCORDIA,SC,DIE S10,OUTR,"5,299",METRO
55,CONCORDIA,SC,DIE S10,OUTR,"5,300",METRO
56,CONCORDIA,SC,DIE S10,OUTR,"5,549",METRO
57, CRICIUMA,SC,DIE S10,NAC,"5,149",METRO
58, CRICIUMA,SC,DIE S10,OUTR,"5,149",METRO
59, CRICIUMA,SC,DIE S10,NAC,"5,149",METRO
60, CRICIUMA,SC,DIE S10,OUTR,"5,149",METRO
61, CRICIUMA,SC,DIE S10,NAC,"5,149",METRO
62, CRICIUMA,SC,DIE S10,NAC,"5,198",METRO
63, CRICIUMA,SC,DIE S10,OUTR,"5,199",METRO
64, CRICIUMA,SC,DIE S10,OUTR,"5,199",METRO
65, CRICIUMA,SC,DIE S10,OUTR,"5,199",METRO
66, CRICIUMA,SC,DIE S10,OUTR,"5,199",METRO
67, CRICIUMA,SC,DIE S10,OUTR,"5,299",METRO
68,FLORIANOPOLIS,SC,DIE S10,OUTR,"4,549",METRO
69,FLORIANOPOLIS,SC,DIE S10,OUTR,"4,999",METRO
70,FLORIANOPOLIS,SC,DIE S10,OUTR,"5,099",METRO
71,FLORIANOPOLIS,SC,DIE S10,OUTR,"5,140",METRO
72,FLORIANOPOLIS,SC,DIE S10,OUTR,"5,149",METRO
73,FLORIANOPOLIS,SC,DIE S10,OUTR,"5,198",METRO
74,FLORIANOPOLIS,SC,DIE S10,NAC,"5,249",METRO
75,FLORIANOPOLIS,SC,DIE S10,OUTR,"5,290",METRO
76,FLORIANOPOLIS,SC,DIE S10,OUTR,"5,299",METRO
77,FLORIANOPOLIS,SC,DIE S10,OUTR,"5,299",METRO
78,FLORIANOPOLIS,SC,DIE S10,OUTR,"5,299",METRO
79,FLORIANOPOLIS,SC,DIE S10,NAC,"5,299",METRO
80,FLORIANOPOLIS,SC,DIE S10,OUTR,"5,299",METRO
81,FLORIANOPOLIS,SC,DIE S10,OUTR,"5,299",METRO
82,FLORIANOPOLIS,SC,DIE S10,OUTR,"5,299",METRO
83,FLORIANOPOLIS,SC,DIE S10,NAC,"5,299",METRO
84,FLORIANOPOLIS,SC,DIE S10,OUTR,"5,299",METRO
85,FLORIANOPOLIS,SC,DIE S10,OUTR,"5,389",METRO
86,FLORIANOPOLIS,SC,DIE S10,NAC,"5,399",METRO
87,FLORIANOPOLIS,SC,DIE S10,NAC,"5,399",METRO
88,FLORIANOPOLIS,SC,DIE S10,NAC,"5,399",METRO
89,FLORIANOPOLIS,SC,DIE S10,NAC,"5,399",METRO
90,FLORIANOPOLIS,SC,DIE S10,OUTR,"5,499",METRO
91,FLORIANOPOLIS,SC,DIE S10,OUTR,"5,599",METRO
92,FLORIANOPOLIS,SC,DIE S10,NAC,"5,799",METRO
93,FLORIANOPOLIS,SC,DIE S10,NAC,"5,999",METRO
94,ITAJAI,SC,DIE S10,OUTR,"5,099",METRO
95,ITAJAI,SC,DIE S10,OUTR,"5,199",METRO
96,ITAJAI,SC,DIE S10,OUTR,"5,299",METRO
97,ITAJAI,SC,DIE S10,OUTR,"5,349",METRO
98,ITAJAI,SC,DIE S10,OUTR,"5,349",METRO
99,ITAJAI,SC,DIE S10,NAC,"5,349",METRO
100,ITAJAI,SC,DIE S10,OUTR,"5,359",METRO
101,ITAJAI,SC,DIE S10,NAC,"5,649",METRO
102,ITAJAI,SC,DIE S10,OUTR,"5,699",METRO
103,JOINVILLE,SC,DIE S10,OUTR,"4,999",METRO
104,JOINVILLE,SC,DIE S10,OUTR,"5,129",METRO
105,JOINVILLE,SC,DIE S10,OUTR,"5,249",METRO
106,JOINVILLE,SC,DIE S10,OUTR,"5,259",METRO
107,JOINVILLE,SC,DIE S10,OUTR,"5,284",METRO
108,JOINVILLE,SC,DIE S10,NAC,"5,289",METRO
109,JOINVILLE,SC,DIE S10,OUTR,"5,289",METRO
110,JOINVILLE,SC,DIE S10,NAC,"5,299",METRO
111,JOINVILLE,SC,DIE S10,OUTR,"5,349",METRO
112,JOINVILLE,SC,DIE S10,OUTR,"5,349",METRO
113,JOINVILLE,SC,DIE S10,NAC,"5,469",METRO
114,JOINVILLE,SC,DIE S10,OUTR,"5,539",METRO
115,JOINVILLE,SC,DIE S10,NAC,"5,549",METRO
116,JOINVILLE,SC,DIE S10,NAC,"5,559",METRO
117,JOINVILLE,SC,DIE S10,NAC,"5,599",METRO
118,JOINVILLE,SC,DIE S10,NAC,"5,599",METRO
119,JOINVILLE,SC,DIE S10,OUTR,"5,599",METRO
120,JOINVILLE,SC,DIE S10,NAC,"5,649",METRO
121,LAGUNA,SC,DIE S10,NAC,"4,999",METRO
122,LAGUNA,SC,DIE S10,OUTR,"5,099",METRO
123,LAGUNA,SC,DIE S10,OUTR,"5,199",METRO
124,LAGUNA,SC,DIE S10,OUTR,"5,379",METRO
125,LAGUNA,SC,DIE S10,OUTR,"5,399",METRO
126,LAGUNA,SC,DIE S10,OUTR,"5,399",METRO
127, MAFRA,SC,DIE S10,OUTR,"5,239",METRO
128, MAFRA,SC,DIE S10,NAC,"5,359",METRO
129, MAFRA,SC,DIE S10,OUTR,"5,390",METRO
130, MAFRA,SC,DIE S10,OUTR,"5,399",METRO
131, MAFRA,SC,DIE S10,OUTR,"5,499",METRO
132, MAFRA,SC,DIE S10,OUTR,"5,499",METRO
133,PALHOCA,SC,DIE S10,OUTR,"5,199",METRO
134,PALHOCA,SC,DIE S10,OUTR,"5,199",METRO
135,PALHOCA,SC,DIE S10,OUTR,"5,199",METRO
136,PALHOCA,SC,DIE S10,OUTR,"5,199",METRO
137,PALHOCA,SC,DIE S10,NAC,"5,199",METRO
138,PALHOCA,SC,DIE S10,NAC,"5,199",METRO
139,PALHOCA,SC,DIE S10,NAC,"5,239",METRO
140,PALHOCA,SC,DIE S10,NAC,"5,248",METRO
141,PALHOCA,SC,DIE S10,OUTR,"5,298",METRO
142,PALHOCA,SC,DIE S10,NAC,"5,299",METRO
143,PALHOCA,SC,DIE S10,OUTR,"5,299",METRO
144,PALHOCA,SC,DIE S10,OUTR,"5,299",METRO
145,PALHOCA,SC,DIE S10,OUTR,"5,299",METRO
146,PALHOCA,SC,DIE S10,OUTR,"5,299",METRO
147,PALHOCA,SC,DIE S10,NAC,"5,299",METRO
148,PALHOCA,SC,DIE S10,OUTR,"5,299",METRO
149,PALHOCA,SC,DIE S10,OUTR,"5,399",METRO
150,SAO JOSE,SC,DIE S10,OUTR,"5,249",METRO
151,SAO JOSE,SC,DIE S10,OUTR,"5,249",METRO
152,SAO JOSE,SC,DIE S10,OUTR,"5,299",METRO
153,SAO JOSE,SC,DIE S10,OUTR,"5,299",METRO
154,SAO JOSE,SC,DIE S10,OUTR,"5,349",METRO
155,SAO JOSE,SC,DIE S10,OUTR,"5,349",METRO
156,SAO JOSE,SC,DIE S10,OUTR,"5,389",METRO
157,SAO JOSE,SC,DIE S10,NAC,"5,399",METRO
158,SAO JOSE,SC,DIE S10,NAC,"5,399",METRO
159, TUBARAO,SC,DIE S10,NAC,"4,999",METRO
160, TUBARAO,SC,DIE S10,OUTR,"5,129",METRO
161, TUBARAO,SC,DIE S10,OUTR,"5,199",METRO
162, TUBARAO,SC,DIE S10,OUTR,"5,209",METRO
163, TUBARAO,SC,DIE S10,OUTR,"5,239",METRO
164, TUBARAO,SC,DIE S10,OUTR,"5,250",METRO
165, TUBARAO,SC,DIE S10,OUTR,"5,329",METRO
166, TUBARAO,SC,DIE S10,NAC,"5,348",METRO
167, TUBARAO,SC,DIE S10,OUTR,"5,529",METRO
168,XANXERE,SC,DIE S10,OUTR,"4,979",METRO
169,XANXERE,SC,DIE S10,OUTR,"4,999",METRO
170,XANXERE,SC,DIE S10,OUTR,"5,299",METRO
171,XANXERE,SC,DIE S10,NAC,"5,398",METRO
172,ALEGRETE,RS,DIE S10,OUTR,"5,427",INT
173,ALEGRETE,RS,DIE S10,OUTR,"5,490",INT
174,ALEGRETE,RS,DIE S10,OUTR,"5,490",INT
175,ALEGRETE,RS,DIE S10,NAC,"5,499",INT
176,ALEGRETE,RS,DIE S10,OUTR,"5,499",INT
177,ALEGRETE,RS,DIE S10,OUTR,"5,599",INT
178,ALVORADA,RS,DIE S10,OUTR,"5,249",METRO
179,ALVORADA,RS,DIE S10,OUTR,"5,359",METRO
180,BAGE,RS,DIE S10,OUTR,"5,859",INT
181,BAGE,RS,DIE S10,NAC,"5,974",INT
182,BAGE,RS,DIE S10,NAC,"5,974",INT
183,BAGE,RS,DIE S10,NAC,"5,979",INT
184,BAGE,RS,DIE S10,NAC,"5,979",INT
185,BAGE,RS,DIE S10,NAC,"5,979",INT
186,BAGE,RS,DIE S10,OUTR,"5,995",INT
187,BAGE,RS,DIE S10,OUTR,"5,999",INT
188,BAGE,RS,DIE S10,NAC,"6,099",INT
189,BENTO GONCALVES,RS,DIE S10,NAC,"5,189",METRO
190,BENTO GONCALVES,RS,DIE S10,OUTR,"5,239",METRO
191,BENTO GONCALVES,RS,DIE S10,NAC,"5,259",METRO
192,BENTO GONCALVES,RS,DIE S10,OUTR,"5,289",METRO
193,BENTO GONCALVES,RS,DIE S10,OUTR,"5,299",METRO
194,BENTO GONCALVES,RS,DIE S10,OUTR,"5,299",METRO
195,BENTO GONCALVES,RS,DIE S10,OUTR,"5,449",METRO
196,BENTO GONCALVES,RS,DIE S10,OUTR,"5,499",METRO
197,CACHOEIRA DO SUL,RS,DIE S10,NAC,"5,090",INT
198,CACHOEIRA DO SUL,RS,DIE S10,NAC,"5,299",INT
199,CACHOEIRA DO SUL,RS,DIE S10,OUTR,"5,299",INT
200,CACHOEIRA DO SUL,RS,DIE S10,OUTR,"5,399",INT
201,CACHOEIRA DO SUL,RS,DIE S10,OUTR,"5,499",INT
202,CACHOEIRA DO SUL,RS,DIE S10,OUTR,"5,699",INT
203,CACHOEIRA DO SUL,RS,DIE S10,OUTR,"5,699",INT
204,CACHOEIRINHA,RS,DIE S10,NAC,"5,049",METRO
205,CACHOEIRINHA,RS,DIE S10,OUTR,"5,099",METRO
206,CACHOEIRINHA,RS,DIE S10,OUTR,"5,149",METRO
207,CACHOEIRINHA,RS,DIE S10,OUTR,"5,159",METRO
208,CACHOEIRINHA,RS,DIE S10,OUTR,"5,198",METRO
209,CACHOEIRINHA,RS,DIE S10,OUTR,"5,199",METRO
210,CACHOEIRINHA,RS,DIE S10,OUTR,"5,259",METRO
211,CACHOEIRINHA,RS,DIE S10,NAC,"5,279",METRO
212,CANOAS,RS,DIE S10,NAC,"4,949",METRO
213,CANOAS,RS,DIE S10,OUTR,"4,959",METRO
214,CANOAS,RS,DIE S10,OUTR,"5,099",METRO
215,CANOAS,RS,DIE S10,NAC,"5,099",METRO
216,CANOAS,RS,DIE S10,OUTR,"5,139",METRO
217,CANOAS,RS,DIE S10,OUTR,"5,159",METRO
218,CANOAS,RS,DIE S10,OUTR,"5,189",METRO
219,CANOAS,RS,DIE S10,NAC,"5,199",METRO
220,CANOAS,RS,DIE S10,NAC,"5,299",METRO
221,CANOAS,RS,DIE S10,OUTR,"5,339",METRO
222,CANOAS,RS,DIE S10,OUTR,"5,399",METRO
223,CANOAS,RS,DIE S10,OUTR,"5,399",METRO
224,CANOAS,RS,DIE S10,OUTR,"5,399",METRO
225,CANOAS,RS,DIE S10,OUTR,"5,499",METRO
226,CANOAS,RS,DIE S10,OUTR,"5,499",METRO
227, CAXIAS DO SUL,RS,DIE S10,OUTR,"5,199",METRO
228, CAXIAS DO SUL,RS,DIE S10,OUTR,"5,299",METRO
229, CAXIAS DO SUL,RS,DIE S10,NAC,"5,299",METRO
230, CAXIAS DO SUL,RS,DIE S10,OUTR,"5,299",METRO
231, CAXIAS DO SUL,RS,DIE S10,OUTR,"5,300",METRO
232, CAXIAS DO SUL,RS,DIE S10,NAC,"5,329",METRO
233, CAXIAS DO SUL,RS,DIE S10,NAC,"5,349",METRO
234, CAXIAS DO SUL,RS,DIE S10,NAC,"5,389",METRO
235, CAXIAS DO SUL,RS,DIE S10,NAC,"5,398",METRO
236, CAXIAS DO SUL,RS,DIE S10,OUTR,"5,499",METRO
237, CAXIAS DO SUL,RS,DIE S10,OUTR,"5,599",METRO
238, CAXIAS DO SUL,RS,DIE S10,OUTR,"5,599",METRO
239, CAXIAS DO SUL,RS,DIE S10,OUTR,"5,599",METRO
240, CAXIAS DO SUL,RS,DIE S10,OUTR,"5,599",METRO
241, CAXIAS DO SUL,RS,DIE S10,OUTR,"5,599",METRO
242,CRUZ ALTA,RS,DIE S10,OUTR,"5,350",INT
243,CRUZ ALTA,RS,DIE S10,OUTR,"5,350",INT
244,CRUZ ALTA,RS,DIE S10,OUTR,"5,350",INT
245,CRUZ ALTA,RS,DIE S10,NAC,"5,390",INT
246,CRUZ ALTA,RS,DIE S10,NAC,"5,490",INT
247,CRUZ ALTA,RS,DIE S10,NAC,"5,490",INT
248,CRUZ ALTA,RS,DIE S10,OUTR,"5,670",INT
249,ESTEIO,RS,DIE S10,OUTR,"5,269",METRO
250,ESTEIO,RS,DIE S10,NAC,"5,399",METRO
251,ESTEIO,RS,DIE S10,OUTR,"5,399",METRO
252,ESTEIO,RS,DIE S10,OUTR,"5,499",METRO
253,ESTEIO,RS,DIE S10,OUTR,"5,499",METRO
254,ESTEIO,RS,DIE S10,OUTR,"5,599",METRO
255,GRAVATAI,RS,DIE S10,OUTR,"4,999",METRO
256,GRAVATAI,RS,DIE S10,OUTR,"5,099",METRO
257,GRAVATAI,RS,DIE S10,OUTR,"5,169",METRO
258,GRAVATAI,RS,DIE S10,OUTR,"5,169",METRO
259,GRAVATAI,RS,DIE S10,NAC,"5,169",METRO
260,GRAVATAI,RS,DIE S10,NAC,"5,199",METRO
261,GRAVATAI,RS,DIE S10,OUTR,"5,199",METRO
262,GRAVATAI,RS,DIE S10,OUTR,"5,199",METRO
263,GRAVATAI,RS,DIE S10,NAC,"5,199",METRO
264,GRAVATAI,RS,DIE S10,NAC,"5,399",METRO
265,GUAIBA,RS,DIE S10,NAC,"5,149",METRO
266,GUAIBA,RS,DIE S10,NAC,"5,250",METRO
267,GUAIBA,RS,DIE S10,OUTR,"5,269",METRO
268,GUAIBA,RS,DIE S10,NAC,"5,270",METRO
269,GUAIBA,RS,DIE S10,NAC,"5,279",METRO
270,GUAIBA,RS,DIE S10,NAC,"5,279",METRO
271,GUAIBA,RS,DIE S10,NAC,"5,279",METRO
272,GUAIBA,RS,DIE S10,OUTR,"5,799",METRO
273,IJUI,RS,DIE S10,OUTR,"5,159",INT
274,IJUI,RS,DIE S10,OUTR,"5,219",INT
275,IJUI,RS,DIE S10,OUTR,"5,249",INT
276,IJUI,RS,DIE S10,NAC,"5,288",INT
277,IJUI,RS,DIE S10,NAC,"5,299",INT
278,IJUI,RS,DIE S10,OUTR,"5,299",INT
279,IJUI,RS,DIE S10,OUTR,"5,299",INT
280,IJUI,RS,DIE S10,OUTR,"5,349",INT
281,LAJEADO,RS,DIE S10,OUTR,"5,099",INT
282,LAJEADO,RS,DIE S10,OUTR,"5,169",INT
283,LAJEADO,RS,DIE S10,OUTR,"5,189",INT
284,LAJEADO,RS,DIE S10,OUTR,"5,249",INT
285,LAJEADO,RS,DIE S10,OUTR,"5,499",INT
286,LAJEADO,RS,DIE S10,OUTR,"5,766",INT
287,NOVO HAMBURGO,RS,DIE S10,OUTR,"5,089",METRO
288,NOVO HAMBURGO,RS,DIE S10,OUTR,"5,099",METRO
289,NOVO HAMBURGO,RS,DIE S10,OUTR,"5,099",METRO
290,NOVO HAMBURGO,RS,DIE S10,NAC,"5,099",METRO
291,NOVO HAMBURGO,RS,DIE S10,OUTR,"5,099",METRO
292,NOVO HAMBURGO,RS,DIE S10,OUTR,"5,159",METRO
293,NOVO HAMBURGO,RS,DIE S10,NAC,"5,159",METRO
294,NOVO HAMBURGO,RS,DIE S10,NAC,"5,159",METRO
295,NOVO HAMBURGO,RS,DIE S10,NAC,"5,189",METRO
296,NOVO HAMBURGO,RS,DIE S10,OUTR,"5,199",METRO
297,NOVO HAMBURGO,RS,DIE S10,OUTR,"5,199",METRO
298,NOVO HAMBURGO,RS,DIE S10,NAC,"5,199",METRO
299,NOVO HAMBURGO,RS,DIE S10,OUTR,"5,449",METRO
300,OSORIO,RS,DIE S10,NAC,"5,049",INT
301,OSORIO,RS,DIE S10,NAC,"5,099",INT
302,OSORIO,RS,DIE S10,OUTR,"5,159",INT
303,OSORIO,RS,DIE S10,OUTR,"5,199",INT
304,OSORIO,RS,DIE S10,OUTR,"5,259",INT
305,OSORIO,RS,DIE S10,OUTR,"5,359",INT
306,PASSO FUNDO,RS,DIE S10,NAC,"5,399",INT
307,PASSO FUNDO,RS,DIE S10,OUTR,"5,399",INT
308,PASSO FUNDO,RS,DIE S10,OUTR,"5,399",INT
309,PASSO FUNDO,RS,DIE S10,OUTR,"5,399",INT
310,PASSO FUNDO,RS,DIE S10,OUTR,"5,399",INT
311,PASSO FUNDO,RS,DIE S10,OUTR,"5,399",INT
312,PASSO FUNDO,RS,DIE S10,NAC,"5,399",INT
313,PASSO FUNDO,RS,DIE S10,OUTR,"5,419",INT
314,PASSO FUNDO,RS,DIE S10,OUTR,"5,449",INT
315,PASSO FUNDO,RS,DIE S10,OUTR,"5,499",INT
316,PASSO FUNDO,RS,DIE S10,NAC,"5,549",INT
317,PELOTAS,RS,DIE S10,OUTR,"5,398",INT
318,PELOTAS,RS,DIE S10,OUTR,"5,448",INT
319,PELOTAS,RS,DIE S10,NAC,"5,489",INT
320,PELOTAS,RS,DIE S10,OUTR,"5,499",INT
321,PELOTAS,RS,DIE S10,OUTR,"5,499",INT
322,PELOTAS,RS,DIE S10,OUTR,"5,549",INT
323,PELOTAS,RS,DIE S10,OUTR,"5,549",INT
324,PELOTAS,RS,DIE S10,OUTR,"5,559",INT
325,PELOTAS,RS,DIE S10,OUTR,"5,559",INT
326,PELOTAS,RS,DIE S10,OUTR,"5,559",INT
327,PELOTAS,RS,DIE S10,NAC,"5,699",INT
328,PELOTAS,RS,DIE S10,NAC,"5,719",INT
329, PORTO ALEGRE,RS,DIE S10,NAC,"4,999",METRO
330, PORTO ALEGRE,RS,DIE S10,OUTR,"5,069",METRO
331, PORTO ALEGRE,RS,DIE S10,OUTR,"5,149",METRO
332, PORTO ALEGRE,RS,DIE S10,OUTR,"5,183",METRO
333, PORTO ALEGRE,RS,DIE S10,OUTR,"5,197",METRO
334, PORTO ALEGRE,RS,DIE S10,NAC,"5,198",METRO
335, PORTO ALEGRE,RS,DIE S10,OUTR,"5,198",METRO
336, PORTO ALEGRE,RS,DIE S10,NAC,"5,199",METRO
337, PORTO ALEGRE,RS,DIE S10,OUTR,"5,199",METRO
338, PORTO ALEGRE,RS,DIE S10,OUTR,"5,199",METRO
339, PORTO ALEGRE,RS,DIE S10,OUTR,"5,199",METRO
340, PORTO ALEGRE,RS,DIE S10,NAC,"5,199",METRO
341, PORTO ALEGRE,RS,DIE S10,OUTR,"5,199",METRO
342, PORTO ALEGRE,RS,DIE S10,OUTR,"5,199",METRO
343, PORTO ALEGRE,RS,DIE S10,NAC,"5,199",METRO
344, PORTO ALEGRE,RS,DIE S10,NAC,"5,249",METRO
345, PORTO ALEGRE,RS,DIE S10,OUTR,"5,249",METRO
346, PORTO ALEGRE,RS,DIE S10,OUTR,"5,299",METRO
347, PORTO ALEGRE,RS,DIE S10,OUTR,"5,349",METRO
348, PORTO ALEGRE,RS,DIE S10,NAC,"5,469",METRO
349, PORTO ALEGRE,RS,DIE S10,NAC,"5,499",METRO
350, PORTO ALEGRE,RS,DIE S10,OUTR,"5,590",METRO
351, PORTO ALEGRE,RS,DIE S10,OUTR,"5,699",METRO
352, PORTO ALEGRE,RS,DIE S10,OUTR,"5,699",METRO
353,SANTA CRUZ DO SUL,RS,DIE S10,OUTR,"5,499",INT
354,SANTA MARIA,RS,DIE S10,NAC,"4,999",INT
355,SANTA MARIA,RS,DIE S10,OUTR,"5,420",INT
356,SANTA MARIA,RS,DIE S10,OUTR,"5,439",INT
357,SANTA MARIA,RS,DIE S10,OUTR,"5,449",INT
358,SANTA MARIA,RS,DIE S10,OUTR,"5,478",INT
359,SANTA MARIA,RS,DIE S10,OUTR,"5,499",INT
360,SANTA MARIA,RS,DIE S10,NAC,"5,559",INT
361,SANTA MARIA,RS,DIE S10,NAC,"6,559",INT
362,SANTA ROSA,RS,DIE S10,OUTR,"5,310",INT
363,SANTA ROSA,RS,DIE S10,NAC,"5,340",INT
364,SANTA ROSA,RS,DIE S10,NAC,"5,368",INT
365,SANTA ROSA,RS,DIE S10,OUTR,"5,399",INT
366,SANTA ROSA,RS,DIE S10,OUTR,"5,490",INT
367,SANTA ROSA,RS,DIE S10,OUTR,"5,510",INT
368,SANTA ROSA,RS,DIE S10,NAC,"5,658",INT
369,SANTANA DO LIVRAMENTO,RS,DIE S10,OUTR,"5,390",INT
370,SANTANA DO LIVRAMENTO,RS,DIE S10,OUTR,"5,515",INT
371,SANTANA DO LIVRAMENTO,RS,DIE S10,OUTR,"5,559",INT
372,SANTANA DO LIVRAMENTO,RS,DIE S10,OUTR,"5,570",INT
373,SANTANA DO LIVRAMENTO,RS,DIE S10,NAC,"5,599",INT
374,SANTANA DO LIVRAMENTO,RS,DIE S10,NAC,"5,629",INT
375,SANTANA DO LIVRAMENTO,RS,DIE S10,OUTR,"5,629",INT
376,SANTANA DO LIVRAMENTO,RS,DIE S10,OUTR,"5,659",INT
377,SANTO ANGELO,RS,DIE S10,OUTR,"5,320",INT
378,SANTO ANGELO,RS,DIE S10,OUTR,"5,449",INT
379,SANTO ANGELO,RS,DIE S10,OUTR,"5,450",INT
380,SANTO ANGELO,RS,DIE S10,NAC,"5,480",INT
381,SANTO ANGELO,RS,DIE S10,OUTR,"5,498",INT
382,SANTO ANGELO,RS,DIE S10,OUTR,"5,499",INT
383,SANTO ANGELO,RS,DIE S10,OUTR,"5,499",INT
384,SAO GABRIEL,RS,DIE S10,OUTR,"5,499",INT
385,SAO GABRIEL,RS,DIE S10,NAC,"5,499",INT
386,SAO GABRIEL,RS,DIE S10,OUTR,"5,499",INT
387,SAO GABRIEL,RS,DIE S10,OUTR,"5,499",INT
388,SAO GABRIEL,RS,DIE S10,OUTR,"5,499",INT
389,SAO GABRIEL,RS,DIE S10,OUTR,"5,600",INT
390,SAO GABRIEL,RS,DIE S10,OUTR,"5,745",INT
391,SAO LEOPOLDO,RS,DIE S10,NAC,"5,089",METRO
392,SAO LEOPOLDO,RS,DIE S10,OUTR,"5,098",METRO
393,SAO LEOPOLDO,RS,DIE S10,OUTR,"5,159",METRO
394,SAO LEOPOLDO,RS,DIE S10,OUTR,"5,159",METRO
395,SAO LEOPOLDO,RS,DIE S10,OUTR,"5,195",METRO
396,SAO LEOPOLDO,RS,DIE S10,OUTR,"5,199",METRO
397,SAO LEOPOLDO,RS,DIE S10,OUTR,"5,199",METRO
398,SAO LEOPOLDO,RS,DIE S10,NAC,"5,299",METRO
399,SAO LEOPOLDO,RS,DIE S10,OUTR,"5,299",METRO
400,SAO LEOPOLDO,RS,DIE S10,OUTR,"5,299",METRO
401,SAO LEOPOLDO,RS,DIE S10,OUTR,"5,499",METRO
402, SAO LUIZ GONZAGA,RS,DIE S10,OUTR,"5,329",INT
403, SAO LUIZ GONZAGA,RS,DIE S10,OUTR,"5,349",INT
404, SAO LUIZ GONZAGA,RS,DIE S10,NAC,"5,379",INT
405,SAPIRANGA,RS,DIE S10,OUTR,"5,129",METRO
406,SAPIRANGA,RS,DIE S10,NAC,"5,129",METRO
407,SAPIRANGA,RS,DIE S10,OUTR,"5,169",METRO
408,SAPIRANGA,RS,DIE S10,OUTR,"5,199",METRO
409,SAPIRANGA,RS,DIE S10,OUTR,"5,269",METRO
410,SAPIRANGA,RS,DIE S10,OUTR,"5,329",METRO
411,SAPIRANGA,RS,DIE S10,OUTR,"5,349",METRO
412,SAPUCAIA DO SUL,RS,DIE S10,NAC,"5,099",METRO
413,SAPUCAIA DO SUL,RS,DIE S10,OUTR,"5,299",METRO
414,SAPUCAIA DO SUL,RS,DIE S10,OUTR,"5,299",METRO
415,SAPUCAIA DO SUL,RS,DIE S10,OUTR,"5,299",METRO
416,SAPUCAIA DO SUL,RS,DIE S10,OUTR,"5,299",METRO
417,SAPUCAIA DO SUL,RS,DIE S10,NAC,"5,349",METRO
418,SAPUCAIA DO SUL,RS,DIE S10,NAC,"5,349",METRO
419,TORRES,RS,DIE S10,OUTR,"5,199",INT
420,TORRES,RS,DIE S10,NAC,"5,299",INT
421,TORRES,RS,DIE S10,OUTR,"5,390",INT
422,TORRES,RS,DIE S10,OUTR,"5,399",INT
423,TORRES,RS,DIE S10,OUTR,"5,449",INT
424,URUGUAIANA,RS,DIE S10,NAC,"5,290",INT
425,URUGUAIANA,RS,DIE S10,OUTR,"5,309",INT
426,URUGUAIANA,RS,DIE S10,NAC,"5,395",INT
427,URUGUAIANA,RS,DIE S10,OUTR,"5,410",INT
428,URUGUAIANA,RS,DIE S10,OUTR,"5,420",INT
429,URUGUAIANA,RS,DIE S10,OUTR,"5,599",INT
430,VACARIA,RS,DIE S10,OUTR,"5,399",INT
431,VACARIA,RS,DIE S10,OUTR,"5,399",INT
432,VACARIA,RS,DIE S10,OUTR,"5,399",INT
433,VACARIA,RS,DIE S10,NAC,"5,492",INT
434,VACARIA,RS,DIE S10,OUTR,"5,610",INT
435,VACARIA,RS,DIE S10,OUTR,"5,620",INT
436,VACARIA,RS,DIE S10,OUTR,"5,660",INT
437,VACARIA,RS,DIE S10,OUTR,"5,699",INT
438,VIAMAO,RS,DIE S10,OUTR,"5,198",METRO
439,VIAMAO,RS,DIE S10,NAC,"5,199",METRO
440,VIAMAO,RS,DIE S10,OUTR,"5,249",METRO
441,VIAMAO,RS,DIE S10,OUTR,"5,299",METRO
442,VIAMAO,RS,DIE S10,OUTR,"5,347",METRO